{"cameraMode":{"drawMode":0,"name":"Shaded","section":"Shading Mode"},"sceneLighting":false,"audioPlay":false,"sceneViewState":{"showFog":true,"showMaterialUpdate":false,"showSkybox":true,"showFlares":true,"showImageEffects":true,"showParticleSystems":true},"in2DMode":false,"pivot":{"x":-5.960464477539063e-8,"y":0.24935489892959596,"z":3.0},"rotation":{"x":0.2008512169122696,"y":0.050524815917015079,"z":-0.010373483411967755,"w":0.9782630205154419},"size":3.8469038009643556,"orthographic":false}