{"cameraMode":{"drawMode":0,"name":"Shaded","section":"Shading Mode"},"sceneLighting":false,"audioPlay":false,"sceneViewState":{"showFog":true,"showMaterialUpdate":false,"showSkybox":true,"showFlares":true,"showImageEffects":true,"showParticleSystems":true},"in2DMode":false,"pivot":{"x":-0.008970856666564942,"y":0.459604948759079,"z":0.020440712571144105},"rotation":{"x":0.1877528876066208,"y":0.6417943239212036,"z":-0.16627192497253419,"w":0.724708616733551},"size":2.1681509017944338,"orthographic":false}