{"cameraMode":{"drawMode":0,"name":"Shaded","section":"Shading Mode"},"sceneLighting":false,"audioPlay":false,"sceneViewState":{"showFog":true,"showMaterialUpdate":false,"showSkybox":true,"showFlares":true,"showImageEffects":true,"showParticleSystems":true},"in2DMode":false,"pivot":{"x":0.7592751979827881,"y":0.5519999861717224,"z":-1.4344699382781983},"rotation":{"x":-0.04046321287751198,"y":-0.03565830737352371,"z":0.0014447973808273674,"w":-0.9985435605049133},"size":2.100107431411743,"orthographic":true}