{"cameraMode":{"drawMode":0,"name":"Shaded","section":"Shading Mode"},"sceneLighting":false,"audioPlay":false,"sceneViewState":{"showFog":true,"showMaterialUpdate":false,"showSkybox":true,"showFlares":true,"showImageEffects":true,"showParticleSystems":true},"in2DMode":false,"pivot":{"x":-0.04485440254211426,"y":2.2980246543884279,"z":0.10220342874526978},"rotation":{"x":-0.011438551358878613,"y":0.9841832518577576,"z":-0.1626763641834259,"w":-0.06920241564512253},"size":10.840753555297852,"orthographic":false}