{"cameraMode":{"drawMode":0,"name":"Shaded","section":"Shading Mode"},"sceneLighting":false,"audioPlay":false,"sceneViewState":{"showFog":true,"showMaterialUpdate":false,"showSkybox":true,"showFlares":true,"showImageEffects":true,"showParticleSystems":true},"in2DMode":false,"pivot":{"x":5.960464477539063e-8,"y":0.654147744178772,"z":12.0},"rotation":{"x":-0.06826255470514298,"y":-0.8855582475662231,"z":0.13791702687740327,"w":-0.43829861283302309},"size":3.765002727508545,"orthographic":false}